{
  "_Lua\\Shuttles\\Civilian\\fisherman.yml": {
    "timestamp": 1760711636.3006117,
    "hash": "9b9bd7f2125f783fde4e9e9c65d5a4c7",
    "size": 162562
  },
  "_Lua\\Shuttles\\Civilian\\riman2.yml": {
    "timestamp": 1760711636.3006117,
    "hash": "8ca130df0510b8c01335c0496b110974",
    "size": 98130
  },
  "_Lua\\Shuttles\\Civilian\\runo.yml": {
    "timestamp": 1760711636.3006117,
    "hash": "5042763693a54f9448d5f120c192f600",
    "size": 29443
  },
  "_Lua\\Shuttles\\Civilian\\seagull.yml": {
    "timestamp": 1762789282.9252522,
    "hash": "5348d6dcde14305bdaae1ab3120425b2",
    "size": 128523
  },
  "_Lua\\Shuttles\\Civilian\\shuttletinia.yml": {
    "timestamp": 1760711636.3006117,
    "hash": "c26e76b740f0a12ca16f62c69ad3687b",
    "size": 327740
  },
  "_Lua\\Shuttles\\Expedition\\arkalis.yml": {
    "timestamp": 1756312855.8670316,
    "hash": "692b4c35cc349b06ff7bf03370258b94",
    "size": 600086
  },
  "_Lua\\Shuttles\\Expedition\\gixon.yml": {
    "timestamp": 1756922002.6610413,
    "hash": "01c5b840c806a32e3bbd1f8221d8b606",
    "size": 457143
  },
  "_Lua\\Shuttles\\Expedition\\kairiis.yml": {
    "timestamp": 1760711636.3006117,
    "hash": "9f32f006351acf4efef46ab3008f689e",
    "size": 79704
  },
  "_Lua\\Shuttles\\Expedition\\sauron.yml": {
    "timestamp": 1760711636.3006117,
    "hash": "e677eb3366df2d6ac532b5b536b89562",
    "size": 233101
  },
  "_Lua\\Shuttles\\LuaTech\\hayar.yml": {
    "timestamp": 1760711636.3006117,
    "hash": "efbd1b5e720fd59d7ec2f0d32dcbe167",
    "size": 181710
  },
  "_Lua\\Shuttles\\LuaTech\\hevish.yml": {
    "timestamp": 1760711636.3006117,
    "hash": "ee4d61df9913c17d634138e18fb95676",
    "size": 637201
  },
  "_Lua\\Shuttles\\Mercenary\\ayhiva.yml": {
    "timestamp": 1762789282.9252522,
    "hash": "6e468c94e9f5373cd708b82b33fea955",
    "size": 131513
  },
  "_Lua\\Shuttles\\Mercenary\\Caretaker.yml": {
    "timestamp": 1762789282.9252522,
    "hash": "c6d1d4024e829f70cb68b8377545bcc6",
    "size": 61334
  },
  "_Lua\\Shuttles\\Mercenary\\eaglemercy.yml": {
    "timestamp": 1762789282.9252522,
    "hash": "a8cc58cdacd52d8a1ecc5ea0c5a98fd1",
    "size": 107324
  },
  "_Lua\\Shuttles\\Mercenary\\Hedgehog.yml": {
    "timestamp": 1762789282.9252522,
    "hash": "c42b556f68336671023ea88a91e889d9",
    "size": 31746
  },
  "_Lua\\Shuttles\\Mercenary\\merc_xeno.yml": {
    "timestamp": 1758644545.6991112,
    "hash": "764e1f02fca55e4b655bf9462ef11da6",
    "size": 172227
  },
  "_Lua\\Shuttles\\Pirates\\Baron.yml": {
    "timestamp": 1762789282.9252522,
    "hash": "0f877e989db987f163b22b1a5aab9ace",
    "size": 279655
  },
  "_Lua\\Shuttles\\Pirates\\Kettlebell.yml": {
    "timestamp": 1762789282.9252522,
    "hash": "8971ab9d7d0b7389b713f64943778ee3",
    "size": 103082
  },
  "_Lua\\Shuttles\\Pirates\\Mjolnir.yml": {
    "timestamp": 1762789282.9252522,
    "hash": "4af71688bc438a75e27a32625752a3f5",
    "size": 89358
  },
  "_Lua\\Shuttles\\Pirates\\Pearl.yml": {
    "timestamp": 1762789282.9252522,
    "hash": "d4be2981e4516cd6c9c7d3995d1372d7",
    "size": 86782
  },
  "_Lua\\Shuttles\\SD\\Draupnir.yml": {
    "timestamp": 1762789282.9252522,
    "hash": "066c00085e8d01569aba473049f599fc",
    "size": 94256
  },
  "_Lua\\Shuttles\\SD\\Grabber.yml": {
    "timestamp": 1762789282.9252522,
    "hash": "71799dfcb546e051b6b1fd9790f25bbd",
    "size": 96522
  },
  "_Lua\\Shuttles\\SD\\hayar.yml": {
    "timestamp": 1762789282.9252522,
    "hash": "3c03d5fb836fc4709f0932b2c8b40ea8",
    "size": 177390
  },
  "_Lua\\Shuttles\\SD\\hevish.yml": {
    "timestamp": 1762789282.9252522,
    "hash": "7698817f73f05ec2e5e7695be9beebc0",
    "size": 618188
  },
  "_Lua\\Shuttles\\SD\\Mole.yml": {
    "timestamp": 1762789282.9252522,
    "hash": "6e5f936edce1bd009d58e53ee500cf7f",
    "size": 137686
  },
  "_Lua\\Shuttles\\SD\\purga.yml": {
    "timestamp": 1762789282.9252522,
    "hash": "c40096b84e6a2bde13925a7f0d7cb1ea",
    "size": 118279
  },
  "_Lua\\Shuttles\\SD\\rising.yml": {
    "timestamp": 1762789282.9252522,
    "hash": "9e73be0541678137bdc551e3e1539ae2",
    "size": 194113
  },
  "_Lua\\Shuttles\\SD\\tuman.yml": {
    "timestamp": 1756922002.6610413,
    "hash": "c7f8838592067aa71e7c576cccc5886d",
    "size": 215402
  },
  "_Lua\\Shuttles\\SD\\wasp.yml": {
    "timestamp": 1762789282.9252522,
    "hash": "e5737d87dc4ebe56c4850b3196389543",
    "size": 224908
  },
  "_Lua\\Shuttles\\Typan\\dagger.yml": {
    "timestamp": 1762789282.9252522,
    "hash": "1d019e1d3eae59b87247a34986862c5c",
    "size": 142487
  },
  "_Lua\\Shuttles\\Typan\\expedition.yml": {
    "timestamp": 1762789282.9252522,
    "hash": "9da43460adbde5364c704f1dd958c137",
    "size": 51232
  },
  "_Lua\\Shuttles\\Typan\\explorer.yml": {
    "timestamp": 1762789282.9252522,
    "hash": "59c7a478b9e5d0fbb6fe832e7a63dd9c",
    "size": 28645
  },
  "_Lua\\Shuttles\\Typan\\fish.yml": {
    "timestamp": 1762789282.9252522,
    "hash": "605e8f06322f90487842f7b56e2bc82e",
    "size": 82843
  },
  "_Lua\\Shuttles\\Typan\\ganger.yml": {
    "timestamp": 1762789282.9252522,
    "hash": "9f593adf95cd147704d1b4953d9dbde9",
    "size": 25811
  },
  "_Lua\\Shuttles\\Typan\\hunter.yml": {
    "timestamp": 1762789282.9252522,
    "hash": "47aa064ff7bea56507e5a94ba8180df4",
    "size": 59778
  },
  "_Lua\\Shuttles\\Typan\\infiltrator.yml": {
    "timestamp": 1762789282.9252522,
    "hash": "738b1465d4cd5391b290643d80bed988",
    "size": 125522
  },
  "_Lua\\Shuttles\\Typan\\Lamaniel.yml": {
    "timestamp": 1760711636.3006117,
    "hash": "5576c37fd1202328f33b3167d4935df7",
    "size": 72601
  },
  "_Lua\\Shuttles\\Typan\\Laqeramaline.yml": {
    "timestamp": 1762789282.9252522,
    "hash": "f9debbf1255e356e1c68731e73547c65",
    "size": 290671
  },
  "_Lua\\Shuttles\\Typan\\LaserBeam.yml": {
    "timestamp": 1758644545.6991112,
    "hash": "cb114716427f8a34aba9fbb0113522c9",
    "size": 182443
  },
  "_Lua\\Shuttles\\Typan\\pioneer.yml": {
    "timestamp": 1762789282.9252522,
    "hash": "86712bb27fdfbdd079cac6c4f27ab44f",
    "size": 34492
  },
  "_Lua\\Shuttles\\Typan\\shukra-2.yml": {
    "timestamp": 1762789282.9252522,
    "hash": "c300cabb2fc16913b50e2babf3528fcc",
    "size": 126017
  },
  "_Lua\\Shuttles\\Typan\\shukra-f.yml": {
    "timestamp": 1762789282.9252522,
    "hash": "3fcc11b4f467f18b3be8d71bab875c24",
    "size": 125911
  },
  "_Lua\\Shuttles\\Typan\\skif-2.yml": {
    "timestamp": 1762789282.9252522,
    "hash": "d304ffc405d8550b7a4d97b14c1590cc",
    "size": 94402
  },
  "_Lua\\Shuttles\\Typan\\strizh.yml": {
    "timestamp": 1762789282.9252522,
    "hash": "3743ef3c8b71ecd395c20a037b72eabb",
    "size": 96161
  },
  "_Mono\\Shuttles\\aclass.yml": {
    "timestamp": 1760711636.3006117,
    "hash": "89e112148bf0d615ba2802be17938cfb",
    "size": 172605
  },
  "_Mono\\Shuttles\\akasono.yml": {
    "timestamp": 1760711636.3006117,
    "hash": "ec3d608214bb87676164c5425788f5b4",
    "size": 74200
  },
  "_Mono\\Shuttles\\arachnid.yml": {
    "timestamp": 1756312855.8670316,
    "hash": "9fbc58fd7f0ed5de77b36181c736023c",
    "size": 60271
  },
  "_Mono\\Shuttles\\archer.yml": {
    "timestamp": 1760711636.3006117,
    "hash": "39c3e08e45381cefe7e6ce488cca24ff",
    "size": 106183
  },
  "_Mono\\Shuttles\\argent.yml": {
    "timestamp": 1760711636.3006117,
    "hash": "a3ede167b6de29b4b42c9fc580dfdb7a",
    "size": 130839
  },
  "_Mono\\Shuttles\\Baeg.yml": {
    "timestamp": 1760711636.3006117,
    "hash": "9211fe3085a2d873dfeea27d9956e017",
    "size": 17406
  },
  "_Mono\\Shuttles\\bucket.yml": {
    "timestamp": 1760711636.3006117,
    "hash": "074d201a84ff009e0b9da44e3724cdc8",
    "size": 36997
  },
  "_Mono\\Shuttles\\dram.yml": {
    "timestamp": 1760711636.3006117,
    "hash": "9747b6cef0c861406d75f2ab398d22d4",
    "size": 67426
  },
  "_Mono\\Shuttles\\eden.yml": {
    "timestamp": 1762789282.9252522,
    "hash": "bf39c6c48cd403738fc4e21cfcf4b3d3",
    "size": 104341
  },